b'\x13\xa2\x00ATS\xc9',13,15,12:55:33
b'\x13\xa2\x00ATS\xc9',13,03,05:11:31
b'\x00\x13\xa2\x00ATS\xc9',07,07,00:30:15
b'\x00\x13\xa2\x00ATS\xc9',07,07,00:30:15
b'\x00\x13\xa2\x00ATS\xc9',07,07,00:30:15
b'\x00\x13\xa2\x00ATS\xc9',07,07,00:30:15
b'\x00\x13\xa2\x00ATS\xc9',07,07,00:30:15
b'\x00\x13\xa2\x00ATS\xc9',07,07,00:30:15
b'\x00\x13\xa2\x00ATS\xc9',07,07,00:30:15
b'\x00\x13\xa2\x00ATS\xc9',07,07,00:30:15
b'\x00\x13\xa2\x00ATS\xc9',07,07,00:30:15
b'\x00\x13\xa2\x00ATS\xc9',07,07,00:30:15
b'\x00\x13\xa2\x00ATS\xc9',07,07,00:30:15
b'\x00\x13\xa2\x00ATS\xc9',07,07,00:30:15
b'\x00\x13\xa2\x00ATS\xc9',07,07,00:30:15
b'\x00\x13\xa2\x00ATS\xc9',07,07,00:30:15
b'\x00\x13\xa2\x00ATS\xc9',07,07,00:30:15
b'\x00\x13\xa2\x00ATS\xc9',07,07,00:30:15
b'\x00\x13\xa2\x00ATS\xc9',07,07,00:30:15
b'\x00\x13\xa2\x00ATS\xc9',07,07,00:30:15
b'\x00\x13\xa2\x00ATS\xc9',07,07,00:30:15
b'\x00\x13\xa2\x00ATS\xc9',07,07,00:30:15
b'\x00\x13\xa2\x00ATS\xc9',07,07,00:30:15
b'\x00\x13\xa2\x00ATS\xc9',07,07,00:30:15
b'\x00\x13\xa2\x00ATS\xc9',07,07,00:30:15
b'\x00\x13\xa2\x00ATS\xc9',07,07,00:30:15
b'\x00\x13\xa2\x00ATS\xc9',07,07,00:30:15
b'\x00\x13\xa2\x00ATS\xc9',07,07,00:30:15
b'\x00\x13\xa2\x00ATS\xc9',07,07,00:30:15
b'\x00\x13\xa2\x00ATS\xc9',07,07,00:30:15
b'\x00\x13\xa2\x00ATS\xc9',07,07,00:30:15
